{
  "project_info": {
    "project_number": "603787073561",
    "project_id": "barc-2025",
    "storage_bucket": "barc-2025.firebasestorage.app"
  },
  "client": [
    {
      "client_info": {
        "mobilesdk_app_id": "1:603787073561:android:057b3002c0760f7238b288",
        "android_client_info": {
          "package_name": "com.instituto.bancodealimentos"
        }
      },
      "oauth_client": [],
      "api_key": [
        {
          "current_key": "AIzaSyBEE9-bEkAdKNbaqnQRImHXwPY_YcxU1Gg"
        }
      ],
      "services": {
        "appinvite_service": {
          "other_platform_oauth_client": []
        }
      }
    },
    {
      "client_info": {
        "mobilesdk_app_id": "1:603787073561:android:bd54f90c30cc65d838b288",
        "android_client_info": {
          "package_name": "com.instituto.barc"
        }
      },
      "oauth_client": [],
      "api_key": [
        {
          "current_key": "AIzaSyBEE9-bEkAdKNbaqnQRImHXwPY_YcxU1Gg"
        }
      ],
      "services": {
        "appinvite_service": {
          "other_platform_oauth_client": []
        }
      }
    }
  ],
  "configuration_version": "1"
}